mediaID	occid	url	originalUrl	thumbnailUrl
6594682	3	https://biocoll.inhs.illinois.edu/media/myco/DBG_DBG/DBG-F-010/DBG-F-010003.jpg	https://biocoll.inhs.illinois.edu/media/myco/DBG_DBG/DBG-F-010/DBG-F-010003_lg.jpg	https://biocoll.inhs.illinois.edu/media/myco/DBG_DBG/DBG-F-010/DBG-F-010003_tn.jpg
66331	6	https://biocoll.inhs.illinois.edu/media/idigbio/dbg/mycology/00001/1003_C1.jpg	https://biocoll.inhs.illinois.edu/media/idigbio/dbg/mycology/00001/1003_C1_lg.jpg	https://biocoll.inhs.illinois.edu/media/idigbio/dbg/mycology/00001/1003_C1_tn.jpg
5659180	6	https://biocoll.inhs.illinois.edu/media/idigbio/dbg/mycology/DBG-F-001/DBG-F-001003.jpg	https://biocoll.inhs.illinois.edu/media/idigbio/dbg/mycology/DBG-F-001/DBG-F-001003_lg.jpg	https://biocoll.inhs.illinois.edu/media/idigbio/dbg/mycology/DBG-F-001/DBG-F-001003_tn.jpg
66329	7	https://biocoll.inhs.illinois.edu/media/idigbio/dbg/mycology/00010/10031_C1.jpg	https://biocoll.inhs.illinois.edu/media/idigbio/dbg/mycology/00010/10031_C1_lg.jpg	https://biocoll.inhs.illinois.edu/media/idigbio/dbg/mycology/00010/10031_C1_tn.jpg
5711551	7	https://biocoll.inhs.illinois.edu/media/myco/DBG_DBG/DBG-F-010/DBG-F-010031.jpg	https://biocoll.inhs.illinois.edu/media/myco/DBG_DBG/DBG-F-010/DBG-F-010031_lg.jpg	https://biocoll.inhs.illinois.edu/media/myco/DBG_DBG/DBG-F-010/DBG-F-010031_tn.jpg
66328	8	https://biocoll.inhs.illinois.edu/media/idigbio/dbg/mycology/00010/10032_C1.jpg	https://biocoll.inhs.illinois.edu/media/idigbio/dbg/mycology/00010/10032_C1_lg.jpg	https://biocoll.inhs.illinois.edu/media/idigbio/dbg/mycology/00010/10032_C1_tn.jpg
5711552	8	https://biocoll.inhs.illinois.edu/media/myco/DBG_DBG/DBG-F-010/DBG-F-010032.jpg	https://biocoll.inhs.illinois.edu/media/myco/DBG_DBG/DBG-F-010/DBG-F-010032_lg.jpg	https://biocoll.inhs.illinois.edu/media/myco/DBG_DBG/DBG-F-010/DBG-F-010032_tn.jpg
66330	9	https://biocoll.inhs.illinois.edu/media/idigbio/dbg/mycology/00010/10033_C1.jpg	https://biocoll.inhs.illinois.edu/media/idigbio/dbg/mycology/00010/10033_C1_lg.jpg	https://biocoll.inhs.illinois.edu/media/idigbio/dbg/mycology/00010/10033_C1_tn.jpg
5659404	9	https://biocoll.inhs.illinois.edu/media/idigbio/dbg/mycology/DBG-F-010/DBG-F-010033.jpg	https://biocoll.inhs.illinois.edu/media/idigbio/dbg/mycology/DBG-F-010/DBG-F-010033_lg.jpg	https://biocoll.inhs.illinois.edu/media/idigbio/dbg/mycology/DBG-F-010/DBG-F-010033_tn.jpg
66332	10	https://biocoll.inhs.illinois.edu/media/idigbio/dbg/mycology/00001/1004_C1.jpg	https://biocoll.inhs.illinois.edu/media/idigbio/dbg/mycology/00001/1004_C1_lg.jpg	https://biocoll.inhs.illinois.edu/media/idigbio/dbg/mycology/00001/1004_C1_tn.jpg
5573587	10	https://biocoll.inhs.illinois.edu/media/idigbio/dbg/mycology/DBG-F-001/DBG-F-001004.JPG	https://biocoll.inhs.illinois.edu/media/idigbio/dbg/mycology/DBG-F-001/DBG-F-001004_lg.jpg	https://biocoll.inhs.illinois.edu/media/idigbio/dbg/mycology/DBG-F-001/DBG-F-001004_tn.jpg
6594683	12	https://biocoll.inhs.illinois.edu/media/myco/DBG_DBG/DBG-F-010/DBG-F-010046.jpg	https://biocoll.inhs.illinois.edu/media/myco/DBG_DBG/DBG-F-010/DBG-F-010046_lg.jpg	https://biocoll.inhs.illinois.edu/media/myco/DBG_DBG/DBG-F-010/DBG-F-010046_tn.jpg
89572	14	https://biocoll.inhs.illinois.edu/media/idigbio/dbg/mycology/00010/10050_C00.jpg	https://biocoll.inhs.illinois.edu/media/idigbio/dbg/mycology/00010/10050_C00_lg.jpg	https://biocoll.inhs.illinois.edu/media/idigbio/dbg/mycology/00010/10050_C00_tn.jpg
89573	14	https://biocoll.inhs.illinois.edu/media/idigbio/dbg/mycology/00010/10050_C1.jpg	https://biocoll.inhs.illinois.edu/media/idigbio/dbg/mycology/00010/10050_C1_lg.jpg	https://biocoll.inhs.illinois.edu/media/idigbio/dbg/mycology/00010/10050_C1_tn.jpg
89574	15	https://biocoll.inhs.illinois.edu/media/idigbio/dbg/mycology/00010/10058_C00.jpg	https://biocoll.inhs.illinois.edu/media/idigbio/dbg/mycology/00010/10058_C00_lg.jpg	https://biocoll.inhs.illinois.edu/media/idigbio/dbg/mycology/00010/10058_C00_tn.jpg
89575	15	https://biocoll.inhs.illinois.edu/media/idigbio/dbg/mycology/00010/10058_C1.jpg	https://biocoll.inhs.illinois.edu/media/idigbio/dbg/mycology/00010/10058_C1_lg.jpg	https://biocoll.inhs.illinois.edu/media/idigbio/dbg/mycology/00010/10058_C1_tn.jpg
66334	16	https://biocoll.inhs.illinois.edu/media/idigbio/dbg/mycology/00001/1006_C1.jpg	https://biocoll.inhs.illinois.edu/media/idigbio/dbg/mycology/00001/1006_C1_lg.jpg	https://biocoll.inhs.illinois.edu/media/idigbio/dbg/mycology/00001/1006_C1_tn.jpg
5661267	16	https://biocoll.inhs.illinois.edu/media/idigbio/dbg/mycology/DBG-F-001/DBG-F-001006.jpg	https://biocoll.inhs.illinois.edu/media/idigbio/dbg/mycology/DBG-F-001/DBG-F-001006_lg.jpg	https://biocoll.inhs.illinois.edu/media/idigbio/dbg/mycology/DBG-F-001/DBG-F-001006_tn.jpg
89579	17	https://biocoll.inhs.illinois.edu/media/idigbio/dbg/mycology/00010/10063_C00.jpg	https://biocoll.inhs.illinois.edu/media/idigbio/dbg/mycology/00010/10063_C00_lg.jpg	https://biocoll.inhs.illinois.edu/media/idigbio/dbg/mycology/00010/10063_C00_tn.jpg
89580	17	https://biocoll.inhs.illinois.edu/media/idigbio/dbg/mycology/00010/10063_C1.jpg	https://biocoll.inhs.illinois.edu/media/idigbio/dbg/mycology/00010/10063_C1_lg.jpg	https://biocoll.inhs.illinois.edu/media/idigbio/dbg/mycology/00010/10063_C1_tn.jpg
89581	18	https://biocoll.inhs.illinois.edu/media/idigbio/dbg/mycology/00010/10064_C00.jpg	https://biocoll.inhs.illinois.edu/media/idigbio/dbg/mycology/00010/10064_C00_lg.jpg	https://biocoll.inhs.illinois.edu/media/idigbio/dbg/mycology/00010/10064_C00_tn.jpg
89582	18	https://biocoll.inhs.illinois.edu/media/idigbio/dbg/mycology/00010/10064_C1.jpg	https://biocoll.inhs.illinois.edu/media/idigbio/dbg/mycology/00010/10064_C1_lg.jpg	https://biocoll.inhs.illinois.edu/media/idigbio/dbg/mycology/00010/10064_C1_tn.jpg
89583	19	https://biocoll.inhs.illinois.edu/media/idigbio/dbg/mycology/00010/10065_C00.jpg	https://biocoll.inhs.illinois.edu/media/idigbio/dbg/mycology/00010/10065_C00_lg.jpg	https://biocoll.inhs.illinois.edu/media/idigbio/dbg/mycology/00010/10065_C00_tn.jpg
89584	19	https://biocoll.inhs.illinois.edu/media/idigbio/dbg/mycology/00010/10065_C1.jpg	https://biocoll.inhs.illinois.edu/media/idigbio/dbg/mycology/00010/10065_C1_lg.jpg	https://biocoll.inhs.illinois.edu/media/idigbio/dbg/mycology/00010/10065_C1_tn.jpg
6594684	21	https://biocoll.inhs.illinois.edu/media/myco/DBG_DBG/DBG-F-010/DBG-F-010067.jpg	https://biocoll.inhs.illinois.edu/media/myco/DBG_DBG/DBG-F-010/DBG-F-010067_lg.jpg	https://biocoll.inhs.illinois.edu/media/myco/DBG_DBG/DBG-F-010/DBG-F-010067_tn.jpg
66337	22	https://biocoll.inhs.illinois.edu/media/idigbio/dbg/mycology/00001/1007_C1.jpg	https://biocoll.inhs.illinois.edu/media/idigbio/dbg/mycology/00001/1007_C1_lg.jpg	https://biocoll.inhs.illinois.edu/media/idigbio/dbg/mycology/00001/1007_C1_tn.jpg
104873	22	https://biocoll.inhs.illinois.edu/media/idigbio/dbg/mycology/DBG-F-001/DBG-F-001007_S00.JPG	https://biocoll.inhs.illinois.edu/media/idigbio/dbg/mycology/DBG-F-001/DBG-F-001007_S00_lg.jpg	https://biocoll.inhs.illinois.edu/media/idigbio/dbg/mycology/DBG-F-001/DBG-F-001007_S00_tn.jpg
5660326	22	https://biocoll.inhs.illinois.edu/media/idigbio/dbg/mycology/DBG-F-001/DBG-F-001007.jpg	https://biocoll.inhs.illinois.edu/media/idigbio/dbg/mycology/DBG-F-001/DBG-F-001007_lg.jpg	https://biocoll.inhs.illinois.edu/media/idigbio/dbg/mycology/DBG-F-001/DBG-F-001007_tn.jpg
66335	23	https://biocoll.inhs.illinois.edu/media/idigbio/dbg/mycology/00010/10070_C1.jpg	https://biocoll.inhs.illinois.edu/media/idigbio/dbg/mycology/00010/10070_C1_lg.jpg	https://biocoll.inhs.illinois.edu/media/idigbio/dbg/mycology/00010/10070_C1_tn.jpg
5711553	23	https://biocoll.inhs.illinois.edu/media/myco/DBG_DBG/DBG-F-010/DBG-F-010070.jpg	https://biocoll.inhs.illinois.edu/media/myco/DBG_DBG/DBG-F-010/DBG-F-010070_lg.jpg	https://biocoll.inhs.illinois.edu/media/myco/DBG_DBG/DBG-F-010/DBG-F-010070_tn.jpg
66336	24	https://biocoll.inhs.illinois.edu/media/idigbio/dbg/mycology/00010/10071_C1.jpg	https://biocoll.inhs.illinois.edu/media/idigbio/dbg/mycology/00010/10071_C1_lg.jpg	https://biocoll.inhs.illinois.edu/media/idigbio/dbg/mycology/00010/10071_C1_tn.jpg
5711554	24	https://biocoll.inhs.illinois.edu/media/myco/DBG_DBG/DBG-F-010/DBG-F-010071.jpg	https://biocoll.inhs.illinois.edu/media/myco/DBG_DBG/DBG-F-010/DBG-F-010071_lg.jpg	https://biocoll.inhs.illinois.edu/media/myco/DBG_DBG/DBG-F-010/DBG-F-010071_tn.jpg
66338	25	https://biocoll.inhs.illinois.edu/media/idigbio/dbg/mycology/00001/1008_C1.jpg	https://biocoll.inhs.illinois.edu/media/idigbio/dbg/mycology/00001/1008_C1_lg.jpg	https://biocoll.inhs.illinois.edu/media/idigbio/dbg/mycology/00001/1008_C1_tn.jpg
104874	25	https://biocoll.inhs.illinois.edu/media/idigbio/dbg/mycology/DBG-F-001/DBG-F-001008_S00.JPG	https://biocoll.inhs.illinois.edu/media/idigbio/dbg/mycology/DBG-F-001/DBG-F-001008_S00_lg.jpg	https://biocoll.inhs.illinois.edu/media/idigbio/dbg/mycology/DBG-F-001/DBG-F-001008_S00_tn.jpg
5661215	25	https://biocoll.inhs.illinois.edu/media/idigbio/dbg/mycology/DBG-F-001/DBG-F-001008.jpg	https://biocoll.inhs.illinois.edu/media/idigbio/dbg/mycology/DBG-F-001/DBG-F-001008_lg.jpg	https://biocoll.inhs.illinois.edu/media/idigbio/dbg/mycology/DBG-F-001/DBG-F-001008_tn.jpg
66340	28	https://biocoll.inhs.illinois.edu/media/idigbio/dbg/mycology/00001/1009_C1.jpg	https://biocoll.inhs.illinois.edu/media/idigbio/dbg/mycology/00001/1009_C1_lg.jpg	https://biocoll.inhs.illinois.edu/media/idigbio/dbg/mycology/00001/1009_C1_tn.jpg
5660367	28	https://biocoll.inhs.illinois.edu/media/idigbio/dbg/mycology/DBG-F-001/DBG-F-001009.jpg	https://biocoll.inhs.illinois.edu/media/idigbio/dbg/mycology/DBG-F-001/DBG-F-001009_lg.jpg	https://biocoll.inhs.illinois.edu/media/idigbio/dbg/mycology/DBG-F-001/DBG-F-001009_tn.jpg
66339	30	https://biocoll.inhs.illinois.edu/media/idigbio/dbg/mycology/00010/10094_C1.jpg	https://biocoll.inhs.illinois.edu/media/idigbio/dbg/mycology/00010/10094_C1_lg.jpg	https://biocoll.inhs.illinois.edu/media/idigbio/dbg/mycology/00010/10094_C1_tn.jpg
105071	30	https://biocoll.inhs.illinois.edu/media/idigbio/dbg/mycology/DBG-F-010/DBG-F-010094_S00.JPG	https://biocoll.inhs.illinois.edu/media/idigbio/dbg/mycology/DBG-F-010/DBG-F-010094_S00_lg.jpg	https://biocoll.inhs.illinois.edu/media/idigbio/dbg/mycology/DBG-F-010/DBG-F-010094_S00_tn.jpg
5660473	30	https://biocoll.inhs.illinois.edu/media/idigbio/dbg/mycology/DBG-F-010/DBG-F-010094.jpg	https://biocoll.inhs.illinois.edu/media/idigbio/dbg/mycology/DBG-F-010/DBG-F-010094_lg.jpg	https://biocoll.inhs.illinois.edu/media/idigbio/dbg/mycology/DBG-F-010/DBG-F-010094_tn.jpg
6594685	32	https://biocoll.inhs.illinois.edu/media/myco/DBG_DBG/DBG-F-010/DBG-F-010100.jpg	https://biocoll.inhs.illinois.edu/media/myco/DBG_DBG/DBG-F-010/DBG-F-010100_lg.jpg	https://biocoll.inhs.illinois.edu/media/myco/DBG_DBG/DBG-F-010/DBG-F-010100_tn.jpg
6594686	34	https://biocoll.inhs.illinois.edu/media/myco/DBG_DBG/DBG-F-010/DBG-F-010108.jpg	https://biocoll.inhs.illinois.edu/media/myco/DBG_DBG/DBG-F-010/DBG-F-010108_lg.jpg	https://biocoll.inhs.illinois.edu/media/myco/DBG_DBG/DBG-F-010/DBG-F-010108_tn.jpg
89585	35	https://biocoll.inhs.illinois.edu/media/idigbio/dbg/mycology/00010/10110_C00.jpg	https://biocoll.inhs.illinois.edu/media/idigbio/dbg/mycology/00010/10110_C00_lg.jpg	https://biocoll.inhs.illinois.edu/media/idigbio/dbg/mycology/00010/10110_C00_tn.jpg
6594687	35	https://biocoll.inhs.illinois.edu/media/myco/DBG_DBG/DBG-F-010/DBG-F-010110.jpg	https://biocoll.inhs.illinois.edu/media/myco/DBG_DBG/DBG-F-010/DBG-F-010110_lg.jpg	https://biocoll.inhs.illinois.edu/media/myco/DBG_DBG/DBG-F-010/DBG-F-010110_tn.jpg
6594688	36	https://biocoll.inhs.illinois.edu/media/myco/DBG_DBG/DBG-F-010/DBG-F-010113.jpg	https://biocoll.inhs.illinois.edu/media/myco/DBG_DBG/DBG-F-010/DBG-F-010113_lg.jpg	https://biocoll.inhs.illinois.edu/media/myco/DBG_DBG/DBG-F-010/DBG-F-010113_tn.jpg
66342	37	https://biocoll.inhs.illinois.edu/media/idigbio/dbg/mycology/00001/1012_C1.jpg	https://biocoll.inhs.illinois.edu/media/idigbio/dbg/mycology/00001/1012_C1_lg.jpg	https://biocoll.inhs.illinois.edu/media/idigbio/dbg/mycology/00001/1012_C1_tn.jpg
66343	37	https://biocoll.inhs.illinois.edu/media/idigbio/dbg/mycology/00001/1012_C2.jpg	https://biocoll.inhs.illinois.edu/media/idigbio/dbg/mycology/00001/1012_C2_lg.jpg	https://biocoll.inhs.illinois.edu/media/idigbio/dbg/mycology/00001/1012_C2_tn.jpg
4644938	37	https://biocoll.inhs.illinois.edu/media/idigbio/dbg/mycology/DBG-F-001/DBG-F-001012_S00.JPG	https://biocoll.inhs.illinois.edu/media/idigbio/dbg/mycology/DBG-F-001/DBG-F-001012_S00_lg.jpg	https://biocoll.inhs.illinois.edu/media/idigbio/dbg/mycology/DBG-F-001/DBG-F-001012_S00_tn.jpg
89586	38	https://biocoll.inhs.illinois.edu/media/idigbio/dbg/mycology/00010/10121_C00.jpg	https://biocoll.inhs.illinois.edu/media/idigbio/dbg/mycology/00010/10121_C00_lg.jpg	https://biocoll.inhs.illinois.edu/media/idigbio/dbg/mycology/00010/10121_C00_tn.jpg
89587	38	https://biocoll.inhs.illinois.edu/media/idigbio/dbg/mycology/00010/10121_C1.jpg	https://biocoll.inhs.illinois.edu/media/idigbio/dbg/mycology/00010/10121_C1_lg.jpg	https://biocoll.inhs.illinois.edu/media/idigbio/dbg/mycology/00010/10121_C1_tn.jpg
66341	39	https://biocoll.inhs.illinois.edu/media/idigbio/dbg/mycology/00010/10122_C1.jpg	https://biocoll.inhs.illinois.edu/media/idigbio/dbg/mycology/00010/10122_C1_lg.jpg	https://biocoll.inhs.illinois.edu/media/idigbio/dbg/mycology/00010/10122_C1_tn.jpg
5564317	39	https://biocoll.inhs.illinois.edu/media/idigbio/dbg/mycology/DBG-F-010/DBG-F-010122_S00.JPG	https://biocoll.inhs.illinois.edu/media/idigbio/dbg/mycology/DBG-F-010/DBG-F-010122_S00_lg.jpg	https://biocoll.inhs.illinois.edu/media/idigbio/dbg/mycology/DBG-F-010/DBG-F-010122_S00_tn.jpg
6594689	40	https://biocoll.inhs.illinois.edu/media/myco/DBG_DBG/DBG-F-010/DBG-F-010124.jpg	https://biocoll.inhs.illinois.edu/media/myco/DBG_DBG/DBG-F-010/DBG-F-010124_lg.jpg	https://biocoll.inhs.illinois.edu/media/myco/DBG_DBG/DBG-F-010/DBG-F-010124_tn.jpg
89588	41	https://biocoll.inhs.illinois.edu/media/idigbio/dbg/mycology/00010/10127_C00.jpg	https://biocoll.inhs.illinois.edu/media/idigbio/dbg/mycology/00010/10127_C00_lg.jpg	https://biocoll.inhs.illinois.edu/media/idigbio/dbg/mycology/00010/10127_C00_tn.jpg
89589	41	https://biocoll.inhs.illinois.edu/media/idigbio/dbg/mycology/00010/10127_C1.jpg	https://biocoll.inhs.illinois.edu/media/idigbio/dbg/mycology/00010/10127_C1_lg.jpg	https://biocoll.inhs.illinois.edu/media/idigbio/dbg/mycology/00010/10127_C1_tn.jpg
6594690	41	https://biocoll.inhs.illinois.edu/media/myco/DBG_DBG/DBG-F-010/DBG-F-010127.jpg	https://biocoll.inhs.illinois.edu/media/myco/DBG_DBG/DBG-F-010/DBG-F-010127_lg.jpg	https://biocoll.inhs.illinois.edu/media/myco/DBG_DBG/DBG-F-010/DBG-F-010127_tn.jpg
89590	42	https://biocoll.inhs.illinois.edu/media/idigbio/dbg/mycology/00010/10138_C00.jpg	https://biocoll.inhs.illinois.edu/media/idigbio/dbg/mycology/00010/10138_C00_lg.jpg	https://biocoll.inhs.illinois.edu/media/idigbio/dbg/mycology/00010/10138_C00_tn.jpg
89591	42	https://biocoll.inhs.illinois.edu/media/idigbio/dbg/mycology/00010/10138_C1.jpg	https://biocoll.inhs.illinois.edu/media/idigbio/dbg/mycology/00010/10138_C1_lg.jpg	https://biocoll.inhs.illinois.edu/media/idigbio/dbg/mycology/00010/10138_C1_tn.jpg
89592	42	https://biocoll.inhs.illinois.edu/media/idigbio/dbg/mycology/00010/10138_C2.jpg	https://biocoll.inhs.illinois.edu/media/idigbio/dbg/mycology/00010/10138_C2_lg.jpg	https://biocoll.inhs.illinois.edu/media/idigbio/dbg/mycology/00010/10138_C2_tn.jpg
66345	43	https://biocoll.inhs.illinois.edu/media/idigbio/dbg/mycology/00001/1014_C1.jpg	https://biocoll.inhs.illinois.edu/media/idigbio/dbg/mycology/00001/1014_C1_lg.jpg	https://biocoll.inhs.illinois.edu/media/idigbio/dbg/mycology/00001/1014_C1_tn.jpg
6594031	43	https://biocoll.inhs.illinois.edu/media/myco/DBG_DBG/DBG-F-001/DBG-F-001014.jpg	https://biocoll.inhs.illinois.edu/media/myco/DBG_DBG/DBG-F-001/DBG-F-001014_lg.jpg	https://biocoll.inhs.illinois.edu/media/myco/DBG_DBG/DBG-F-001/DBG-F-001014_tn.jpg
6594691	44	https://biocoll.inhs.illinois.edu/media/myco/DBG_DBG/DBG-F-010/DBG-F-010148.jpg	https://biocoll.inhs.illinois.edu/media/myco/DBG_DBG/DBG-F-010/DBG-F-010148_lg.jpg	https://biocoll.inhs.illinois.edu/media/myco/DBG_DBG/DBG-F-010/DBG-F-010148_tn.jpg
66344	45	https://biocoll.inhs.illinois.edu/media/idigbio/dbg/mycology/00010/10149_C1.jpg	https://biocoll.inhs.illinois.edu/media/idigbio/dbg/mycology/00010/10149_C1_lg.jpg	https://biocoll.inhs.illinois.edu/media/idigbio/dbg/mycology/00010/10149_C1_tn.jpg
5711555	45	https://biocoll.inhs.illinois.edu/media/myco/DBG_DBG/DBG-F-010/DBG-F-010149.jpg	https://biocoll.inhs.illinois.edu/media/myco/DBG_DBG/DBG-F-010/DBG-F-010149_lg.jpg	https://biocoll.inhs.illinois.edu/media/myco/DBG_DBG/DBG-F-010/DBG-F-010149_tn.jpg
66347	46	https://biocoll.inhs.illinois.edu/media/idigbio/dbg/mycology/00001/1015_C1.jpg	https://biocoll.inhs.illinois.edu/media/idigbio/dbg/mycology/00001/1015_C1_lg.jpg	https://biocoll.inhs.illinois.edu/media/idigbio/dbg/mycology/00001/1015_C1_tn.jpg
66348	46	https://biocoll.inhs.illinois.edu/media/idigbio/dbg/mycology/00001/1015_C2.jpg	https://biocoll.inhs.illinois.edu/media/idigbio/dbg/mycology/00001/1015_C2_lg.jpg	https://biocoll.inhs.illinois.edu/media/idigbio/dbg/mycology/00001/1015_C2_tn.jpg
5568209	46	https://biocoll.inhs.illinois.edu/media/idigbio/dbg/mycology/DBG-F-001/DBG-F-001015_S00.JPG	https://biocoll.inhs.illinois.edu/media/idigbio/dbg/mycology/DBG-F-001/DBG-F-001015_S00_lg.jpg	https://biocoll.inhs.illinois.edu/media/idigbio/dbg/mycology/DBG-F-001/DBG-F-001015_S00_tn.jpg
89593	48	https://biocoll.inhs.illinois.edu/media/idigbio/dbg/mycology/00010/10157_C00.jpg	https://biocoll.inhs.illinois.edu/media/idigbio/dbg/mycology/00010/10157_C00_lg.jpg	https://biocoll.inhs.illinois.edu/media/idigbio/dbg/mycology/00010/10157_C00_tn.jpg
89594	48	https://biocoll.inhs.illinois.edu/media/idigbio/dbg/mycology/00010/10157_C1.jpg	https://biocoll.inhs.illinois.edu/media/idigbio/dbg/mycology/00010/10157_C1_lg.jpg	https://biocoll.inhs.illinois.edu/media/idigbio/dbg/mycology/00010/10157_C1_tn.jpg
6594692	48	https://biocoll.inhs.illinois.edu/media/myco/DBG_DBG/DBG-F-010/DBG-F-010157.jpg	https://biocoll.inhs.illinois.edu/media/myco/DBG_DBG/DBG-F-010/DBG-F-010157_lg.jpg	https://biocoll.inhs.illinois.edu/media/myco/DBG_DBG/DBG-F-010/DBG-F-010157_tn.jpg
66349	49	https://biocoll.inhs.illinois.edu/media/idigbio/dbg/mycology/00001/1016_C1.jpg	https://biocoll.inhs.illinois.edu/media/idigbio/dbg/mycology/00001/1016_C1_lg.jpg	https://biocoll.inhs.illinois.edu/media/idigbio/dbg/mycology/00001/1016_C1_tn.jpg
66350	49	https://biocoll.inhs.illinois.edu/media/idigbio/dbg/mycology/00001/1016_C2.jpg	https://biocoll.inhs.illinois.edu/media/idigbio/dbg/mycology/00001/1016_C2_lg.jpg	https://biocoll.inhs.illinois.edu/media/idigbio/dbg/mycology/00001/1016_C2_tn.jpg
66351	49	https://biocoll.inhs.illinois.edu/media/idigbio/dbg/mycology/00001/1016_C3.jpg	https://biocoll.inhs.illinois.edu/media/idigbio/dbg/mycology/00001/1016_C3_lg.jpg	https://biocoll.inhs.illinois.edu/media/idigbio/dbg/mycology/00001/1016_C3_tn.jpg
66352	49	https://biocoll.inhs.illinois.edu/media/idigbio/dbg/mycology/00001/1016_C4.jpg	https://biocoll.inhs.illinois.edu/media/idigbio/dbg/mycology/00001/1016_C4_lg.jpg	https://biocoll.inhs.illinois.edu/media/idigbio/dbg/mycology/00001/1016_C4_tn.jpg
4644263	49	https://biocoll.inhs.illinois.edu/media/idigbio/dbg/mycology/DBG-F-001/DBG-F-001016_S00.JPG	https://biocoll.inhs.illinois.edu/media/idigbio/dbg/mycology/DBG-F-001/DBG-F-001016_S00_lg.jpg	https://biocoll.inhs.illinois.edu/media/idigbio/dbg/mycology/DBG-F-001/DBG-F-001016_S00_tn.jpg
66353	52	https://biocoll.inhs.illinois.edu/media/idigbio/dbg/mycology/00001/1017_C1.jpg	https://biocoll.inhs.illinois.edu/media/idigbio/dbg/mycology/00001/1017_C1_lg.jpg	https://biocoll.inhs.illinois.edu/media/idigbio/dbg/mycology/00001/1017_C1_tn.jpg
66354	55	https://biocoll.inhs.illinois.edu/media/idigbio/dbg/mycology/00001/1018_C1.jpg	https://biocoll.inhs.illinois.edu/media/idigbio/dbg/mycology/00001/1018_C1_lg.jpg	https://biocoll.inhs.illinois.edu/media/idigbio/dbg/mycology/00001/1018_C1_tn.jpg
6319463	55	https://biocoll.inhs.illinois.edu/media/myco/DBG_DBG/DBG-F-001/DBG-F-001018.JPG	https://biocoll.inhs.illinois.edu/media/myco/DBG_DBG/DBG-F-001/DBG-F-001018_lg.jpg	https://biocoll.inhs.illinois.edu/media/myco/DBG_DBG/DBG-F-001/DBG-F-001018_tn.jpg
66355	56	https://biocoll.inhs.illinois.edu/media/idigbio/dbg/mycology/00001/1019_C1.jpg	https://biocoll.inhs.illinois.edu/media/idigbio/dbg/mycology/00001/1019_C1_lg.jpg	https://biocoll.inhs.illinois.edu/media/idigbio/dbg/mycology/00001/1019_C1_tn.jpg
66356	56	https://biocoll.inhs.illinois.edu/media/idigbio/dbg/mycology/00001/1019_C2.jpg	https://biocoll.inhs.illinois.edu/media/idigbio/dbg/mycology/00001/1019_C2_lg.jpg	https://biocoll.inhs.illinois.edu/media/idigbio/dbg/mycology/00001/1019_C2_tn.jpg
4634667	56	https://biocoll.inhs.illinois.edu/media/idigbio/dbg/mycology/DBG-F-001/DBG-F-001019_S00.JPG	https://biocoll.inhs.illinois.edu/media/idigbio/dbg/mycology/DBG-F-001/DBG-F-001019_S00_lg.jpg	https://biocoll.inhs.illinois.edu/media/idigbio/dbg/mycology/DBG-F-001/DBG-F-001019_S00_tn.jpg
6594693	60	https://biocoll.inhs.illinois.edu/media/myco/DBG_DBG/DBG-F-010/DBG-F-010200.jpg	https://biocoll.inhs.illinois.edu/media/myco/DBG_DBG/DBG-F-010/DBG-F-010200_lg.jpg	https://biocoll.inhs.illinois.edu/media/myco/DBG_DBG/DBG-F-010/DBG-F-010200_tn.jpg
66357	62	https://biocoll.inhs.illinois.edu/media/idigbio/dbg/mycology/00001/1021_C1.jpg	https://biocoll.inhs.illinois.edu/media/idigbio/dbg/mycology/00001/1021_C1_lg.jpg	https://biocoll.inhs.illinois.edu/media/idigbio/dbg/mycology/00001/1021_C1_tn.jpg
104875	62	https://biocoll.inhs.illinois.edu/media/idigbio/dbg/mycology/DBG-F-001/DBG-F-001021_S00.JPG	https://biocoll.inhs.illinois.edu/media/idigbio/dbg/mycology/DBG-F-001/DBG-F-001021_S00_lg.jpg	https://biocoll.inhs.illinois.edu/media/idigbio/dbg/mycology/DBG-F-001/DBG-F-001021_S00_tn.jpg
5659125	62	https://biocoll.inhs.illinois.edu/media/idigbio/dbg/mycology/DBG-F-001/DBG-F-001021.jpg	https://biocoll.inhs.illinois.edu/media/idigbio/dbg/mycology/DBG-F-001/DBG-F-001021_lg.jpg	https://biocoll.inhs.illinois.edu/media/idigbio/dbg/mycology/DBG-F-001/DBG-F-001021_tn.jpg
66358	65	https://biocoll.inhs.illinois.edu/media/idigbio/dbg/mycology/00001/1022_C1.jpg	https://biocoll.inhs.illinois.edu/media/idigbio/dbg/mycology/00001/1022_C1_lg.jpg	https://biocoll.inhs.illinois.edu/media/idigbio/dbg/mycology/00001/1022_C1_tn.jpg
4633495	65	https://biocoll.inhs.illinois.edu/media/idigbio/dbg/mycology/DBG-F-001/DBG-F-001022_S00.JPG	https://biocoll.inhs.illinois.edu/media/idigbio/dbg/mycology/DBG-F-001/DBG-F-001022_S00_lg.jpg	https://biocoll.inhs.illinois.edu/media/idigbio/dbg/mycology/DBG-F-001/DBG-F-001022_S00_tn.jpg
6594694	67	https://biocoll.inhs.illinois.edu/media/myco/DBG_DBG/DBG-F-010/DBG-F-010221.jpg	https://biocoll.inhs.illinois.edu/media/myco/DBG_DBG/DBG-F-010/DBG-F-010221_lg.jpg	https://biocoll.inhs.illinois.edu/media/myco/DBG_DBG/DBG-F-010/DBG-F-010221_tn.jpg
66359	69	https://biocoll.inhs.illinois.edu/media/idigbio/dbg/mycology/00001/1023_C1.jpg	https://biocoll.inhs.illinois.edu/media/idigbio/dbg/mycology/00001/1023_C1_lg.jpg	https://biocoll.inhs.illinois.edu/media/idigbio/dbg/mycology/00001/1023_C1_tn.jpg
66360	69	https://biocoll.inhs.illinois.edu/media/idigbio/dbg/mycology/00001/1023_C2.jpg	https://biocoll.inhs.illinois.edu/media/idigbio/dbg/mycology/00001/1023_C2_lg.jpg	https://biocoll.inhs.illinois.edu/media/idigbio/dbg/mycology/00001/1023_C2_tn.jpg
4633722	69	https://biocoll.inhs.illinois.edu/media/idigbio/dbg/mycology/DBG-F-001/DBG-F-001023_S00.JPG	https://biocoll.inhs.illinois.edu/media/idigbio/dbg/mycology/DBG-F-001/DBG-F-001023_S00_lg.jpg	https://biocoll.inhs.illinois.edu/media/idigbio/dbg/mycology/DBG-F-001/DBG-F-001023_S00_tn.jpg
6594695	71	https://biocoll.inhs.illinois.edu/media/myco/DBG_DBG/DBG-F-010/DBG-F-010242.jpg	https://biocoll.inhs.illinois.edu/media/myco/DBG_DBG/DBG-F-010/DBG-F-010242_lg.jpg	https://biocoll.inhs.illinois.edu/media/myco/DBG_DBG/DBG-F-010/DBG-F-010242_tn.jpg
66363	73	https://biocoll.inhs.illinois.edu/media/idigbio/dbg/mycology/00001/1025_C1.jpg	https://biocoll.inhs.illinois.edu/media/idigbio/dbg/mycology/00001/1025_C1_lg.jpg	https://biocoll.inhs.illinois.edu/media/idigbio/dbg/mycology/00001/1025_C1_tn.jpg
66364	73	https://biocoll.inhs.illinois.edu/media/idigbio/dbg/mycology/00001/1025_C2.jpg	https://biocoll.inhs.illinois.edu/media/idigbio/dbg/mycology/00001/1025_C2_lg.jpg	https://biocoll.inhs.illinois.edu/media/idigbio/dbg/mycology/00001/1025_C2_tn.jpg
5660921	73	https://biocoll.inhs.illinois.edu/media/idigbio/dbg/mycology/DBG-F-001/DBG-F-001025.jpg	https://biocoll.inhs.illinois.edu/media/idigbio/dbg/mycology/DBG-F-001/DBG-F-001025_lg.jpg	https://biocoll.inhs.illinois.edu/media/idigbio/dbg/mycology/DBG-F-001/DBG-F-001025_tn.jpg
66361	74	https://biocoll.inhs.illinois.edu/media/idigbio/dbg/mycology/00010/10253_C1.jpg	https://biocoll.inhs.illinois.edu/media/idigbio/dbg/mycology/00010/10253_C1_lg.jpg	https://biocoll.inhs.illinois.edu/media/idigbio/dbg/mycology/00010/10253_C1_tn.jpg
66362	74	https://biocoll.inhs.illinois.edu/media/idigbio/dbg/mycology/00010/10253_C2.jpg	https://biocoll.inhs.illinois.edu/media/idigbio/dbg/mycology/00010/10253_C2_lg.jpg	https://biocoll.inhs.illinois.edu/media/idigbio/dbg/mycology/00010/10253_C2_tn.jpg
5711557	74	https://biocoll.inhs.illinois.edu/media/myco/DBG_DBG/DBG-F-010/DBG-F-010253.jpg	https://biocoll.inhs.illinois.edu/media/myco/DBG_DBG/DBG-F-010/DBG-F-010253_lg.jpg	https://biocoll.inhs.illinois.edu/media/myco/DBG_DBG/DBG-F-010/DBG-F-010253_tn.jpg
89597	76	https://biocoll.inhs.illinois.edu/media/idigbio/dbg/mycology/00010/10255_C00.jpg	https://biocoll.inhs.illinois.edu/media/idigbio/dbg/mycology/00010/10255_C00_lg.jpg	https://biocoll.inhs.illinois.edu/media/idigbio/dbg/mycology/00010/10255_C00_tn.jpg
89598	76	https://biocoll.inhs.illinois.edu/media/idigbio/dbg/mycology/00010/10255_C1.jpg	https://biocoll.inhs.illinois.edu/media/idigbio/dbg/mycology/00010/10255_C1_lg.jpg	https://biocoll.inhs.illinois.edu/media/idigbio/dbg/mycology/00010/10255_C1_tn.jpg
